{
    "model_name": "qwq",
    "dataset": "gpqa_diamond",
    "num_samples": 10,
    "seed": 42,
    "total_tokens_analyzed": 63160,
    "thresholds": {
        "1": 2.8916774768423044,
        "5": 2.514815214761476,
        "10": 2.206484420321668,
        "15": 1.9683970395108297,
        "20": 1.7509226773042095
    }
}