{
    "model_name": "qwq",
    "dataset": "gpqa_diamond",
    "num_samples": 30,
    "seed": 42,
    "total_tokens_analyzed": 226411,
    "thresholds": {
        "1": 2.8941266311674965,
        "5": 2.5169205759653086,
        "10": 2.22507297215731,
        "15": 1.9858236982036424,
        "20": 1.7690573884561684
    }
}