{
    "source_profile": "prune/analysis/thought_segmentation_comparison/profiles/qwq/aqua_rat/qwq_aqua_rat_profile.json",
    "num_samples": 30,
    "total_tokens_analyzed": 76882,
    "thresholds": {
        "1": 2.807614673576156,
        "5": 2.3504549041503733,
        "10": 1.9977650715302984,
        "15": 1.724391135167726,
        "20": 1.4928696579848217
    }
}