{
    "source_profile": "prune/analysis/thought_segmentation_comparison/profiles/qwq/aqua_rat/qwq_aqua_rat_profile.json",
    "num_samples": 10,
    "total_tokens_analyzed": 11915,
    "thresholds": {
        "1": 2.6738919124610105,
        "5": 2.1593702811750894,
        "10": 1.7836453083367803,
        "15": 1.5181855141015406,
        "20": 1.2706201639160002
    }
}