{
    "accuracy": 0.6333333333333333,
    "avg_total_tokens_generated": 19280.333333333332,
    "avg_num_chains_generated": 2.0,
    "correct_answer_in_chains": 0.0,
    "voting_efficiency": 0.0,
    "window_size": 2,
    "n_chains": 2,
    "avg_time_taken": 242.19349222183234,
    "avg_max_kv_cache_usage": 7.931953473311906
}