{
    "accuracy": 0.8333333333333334,
    "avg_total_tokens_generated": 367459.73333333334,
    "avg_num_chains_generated": 32.56666666666667,
    "correct_answer_in_chains": 0.0,
    "voting_efficiency": 0.0,
    "window_size": 8,
    "n_chains": 64
}