{
    "accuracy": 0.8333333333333334,
    "avg_total_tokens_generated": 355736.76666666666,
    "avg_num_chains_generated": 32.46666666666667,
    "correct_answer_in_chains": 0.0,
    "voting_efficiency": 0.0,
    "window_size": 8,
    "n_chains": 64,
    "avg_time_taken": 1432.3944266319272,
    "avg_max_kv_cache_usage": 24.77919748935216
}