{
    "accuracy": 0.7333333333333333,
    "avg_total_tokens_generated": 53405.46666666667,
    "avg_num_chains_generated": 4.533333333333333,
    "correct_answer_in_chains": 0.0,
    "voting_efficiency": 0.0,
    "window_size": 2,
    "n_chains": 16,
    "avg_time_taken": 548.9719157028198,
    "avg_max_kv_cache_usage": 7.931953473311906
}