{
    "accuracy": 0.8333333333333334,
    "avg_total_tokens_generated": 24967.1,
    "avg_num_chains_generated": 2.466666666666667,
    "correct_answer_in_chains": 0.0,
    "voting_efficiency": 0.0,
    "window_size": 2,
    "n_chains": 4,
    "avg_time_taken": 298.70530707359313,
    "avg_max_kv_cache_usage": 7.931953473311906
}