{
    "accuracy": 0.7333333333333333,
    "avg_total_tokens_generated": 9794.066666666668,
    "avg_num_chains_generated": 1.0,
    "correct_answer_in_chains": 0.0,
    "voting_efficiency": 0.0,
    "window_size": 1,
    "n_chains": 1,
    "avg_time_taken": 192.39708941777548,
    "avg_max_kv_cache_usage": 4.6442003536825265
}