{
    "source_profile": "prune/analysis/thought_segmentation_comparison/profiles/r1-distill/aqua_rat/r1-distill_aqua_rat_profile.json",
    "num_samples": 30,
    "total_tokens_analyzed": 65694,
    "thresholds": {
        "1": 3.25445832681565,
        "5": 2.68723430923508,
        "10": 2.2313164242532766,
        "15": 1.8782970516413067,
        "20": 1.5786848065769248
    }
}