{
    "source_profile": "prune/analysis/thought_segmentation_comparison/profiles/r1-distill/aqua_rat/r1-distill_aqua_rat_profile.json",
    "num_samples": 10,
    "total_tokens_analyzed": 9290,
    "thresholds": {
        "1": 2.922864962910353,
        "5": 2.4621901459960918,
        "10": 2.0406803903894364,
        "15": 1.709727410721474,
        "20": 1.4588827878136887
    }
}