{
    "source_profile": "prune/analysis/thought_segmentation_comparison/profiles/r1-distill/aqua_rat/r1-distill_aqua_rat_profile.json",
    "num_samples": 30,
    "total_tokens_analyzed": 66457,
    "thresholds": {
        "1": 2.9297756805135284,
        "5": 2.51579556925412,
        "10": 2.161323390221802,
        "15": 1.8615134904206154,
        "20": 1.5947080899700017
    }
}