{
    "accuracy": 0.8275862068965517,
    "avg_total_tokens_generated": 37732.58620689655,
    "avg_num_chains_generated": 2.6206896551724137,
    "correct_answer_in_chains": 0.0,
    "voting_efficiency": 0.0,
    "window_size": 2,
    "n_chains": 8,
    "avg_time_taken": 656.7590719244946,
    "avg_max_kv_cache_usage": 8.318508613840276
}