{
    "accuracy": 0.8333333333333334,
    "avg_total_tokens_generated": 32707.033333333333,
    "avg_num_chains_generated": 2.4,
    "correct_answer_in_chains": 0.0,
    "voting_efficiency": 0.0,
    "window_size": 2,
    "n_chains": 4,
    "avg_time_taken": 601.4530448150634,
    "avg_max_kv_cache_usage": 8.318508613840276
}