{
    "accuracy": 0.8,
    "avg_total_tokens_generated": 80241.36666666667,
    "avg_num_chains_generated": 4.366666666666666,
    "correct_answer_in_chains": 0.0,
    "voting_efficiency": 0.0,
    "window_size": 2,
    "n_chains": 16,
    "avg_time_taken": 1085.9568864716425,
    "avg_max_kv_cache_usage": 8.318508613840276
}