{
    "model_name": "qwq",
    "dataset": "aqua_rat",
    "num_samples": 30,
    "seed": 42,
    "total_tokens_analyzed": 74864,
    "thresholds": {
        "1": 2.7993406264452894,
        "5": 2.3577073386347354,
        "10": 2.0179330476108106,
        "15": 1.7490380210775338,
        "20": 1.52412678735221
    }
}