{
    "model_name": "qwq",
    "dataset": "aqua_rat",
    "num_samples": 10,
    "seed": 42,
    "total_tokens_analyzed": 14449,
    "thresholds": {
        "1": 2.704377550773597,
        "5": 2.2385689420140396,
        "10": 1.8857558937232473,
        "15": 1.617818407759649,
        "20": 1.3976386248653694
    }
}