{
    "model_name": "r1-distill",
    "dataset": "math_dapo",
    "num_samples": 30,
    "seed": 42,
    "total_tokens_analyzed": 180400,
    "thresholds": {
        "1": 2.90287633773789,
        "5": 2.388544627098237,
        "10": 1.9691317162050725,
        "15": 1.6408408854866599,
        "20": 1.3562501121886976,
        "lowest_1": 4.4528779699567207e-07
    }
}