{
    "model_name": "r1-distill",
    "dataset": "math_dapo",
    "num_samples": 50,
    "seed": 42,
    "total_tokens_analyzed": 563691,
    "thresholds": {
        "1": 2.7497935672277927,
        "5": 1.9947039703368779,
        "10": 1.3724669199401605,
        "15": 0.947669159926785,
        "20": 0.5668786698620549,
        "lowest_1": 1.9829707823114256e-06
    }
}