{
    "source_profile": "prune/analysis/thought_segmentation_comparison/profiles/qwq/math_dapo/qwq_math_dapo_profile.json",
    "num_samples": 50,
    "total_tokens_analyzed": 479269,
    "thresholds": {
        "1": 2.789346887443447,
        "5": 2.2602445012093577,
        "10": 1.856422222618224,
        "15": 1.5441677585128908,
        "20": 1.2740237048699026
    }
}