{
    "accuracy": 0.36666666666666664,
    "avg_total_tokens_generated": 711898.0666666667,
    "avg_num_chains_generated": 51.2,
    "correct_answer_in_chains": 0.4666666666666667,
    "voting_efficiency": 0.7857142857142857,
    "window_size": 8,
    "n_chains": 64
}