{
    "accuracy": 0.36666666666666664,
    "avg_total_tokens_generated": 100803.8,
    "avg_num_chains_generated": 7.033333333333333,
    "correct_answer_in_chains": 0.36666666666666664,
    "voting_efficiency": 1.0,
    "window_size": 2,
    "n_chains": 16
}