{
    "accuracy": 0.4,
    "avg_total_tokens_generated": 334092.63333333336,
    "avg_num_chains_generated": 23.166666666666668,
    "correct_answer_in_chains": 0.43333333333333335,
    "voting_efficiency": 0.9230769230769231,
    "window_size": 4,
    "n_chains": 32
}