{
    "accuracy": 0.3,
    "avg_total_tokens_generated": 11974.733333333334,
    "avg_num_chains_generated": 1.0,
    "correct_answer_in_chains": 0.23333333333333334,
    "voting_efficiency": 1.2857142857142856,
    "window_size": 1,
    "n_chains": 1
}