{
    "accuracy": 0.4,
    "avg_total_tokens_generated": 80369.5,
    "avg_num_chains_generated": 5.466666666666667,
    "correct_answer_in_chains": 0.3333333333333333,
    "voting_efficiency": 1.2000000000000002,
    "window_size": 2,
    "n_chains": 8
}