{
    "model_name": "r1-distill",
    "dataset": "gpqa_diamond",
    "num_samples": 30,
    "seed": 42,
    "total_tokens_analyzed": 219934,
    "thresholds": {
        "1": 2.954682057978864,
        "5": 2.569638524805009,
        "10": 2.237209341843385,
        "15": 1.9547486026920655,
        "20": 1.700885244967726
    }
}