{
    "model_name": "r1-distill",
    "dataset": "gpqa_diamond",
    "num_samples": 10,
    "seed": 42,
    "total_tokens_analyzed": 48903,
    "thresholds": {
        "1": 2.9498387968662825,
        "5": 2.5713836019177223,
        "10": 2.233668666360991,
        "15": 1.9435683414441876,
        "20": 1.6895069817730897
    }
}