{
    "model_name": "r1-distill",
    "dataset": "gpqa_diamond",
    "num_samples": 30,
    "seed": 42,
    "total_tokens_analyzed": 185581,
    "thresholds": {
        "1": 3.3151419404680813,
        "5": 2.825558852559864,
        "10": 2.4254021734567734,
        "15": 2.0920173446021644,
        "20": 1.8007951554658548
    }
}