{
    "thresholds": [
        0.9,
        0.92,
        0.94,
        0.96,
        0.97,
        0.98,
        0.985,
        0.99,
        0.995,
        0.999
    ],
    "correct_correct_props": [
        33.521393703650645,
        33.68431710033411,
        33.60043707885631,
        31.897296630045673,
        30.619123647330138,
        29.698174139858402,
        29.462334256156197,
        29.53385505273903,
        30.323580701414453,
        30.482315112540192
    ],
    "correct_incorrect_props": [
        24.780994148824806,
        24.835476359218386,
        25.19273963455351,
        25.169732131835577,
        25.314883803441546,
        25.350888088436218,
        25.644761765991547,
        25.961211296359306,
        25.731447393915907,
        26.152197213290464
    ],
    "incorrect_incorrect_props": [
        41.697612147524545,
        41.480206540447504,
        41.20682328659018,
        42.93297123811875,
        44.06599254922831,
        44.95093777170538,
        44.89290397785225,
        44.50493365090167,
        43.944971904669636,
        43.365487674169344
    ]
}