{
    "source_profile": "prune/analysis/thought_segmentation_comparison/profiles/qwq/aime/qwq_aime_profile.json",
    "num_samples": 10,
    "total_tokens_analyzed": 164290,
    "thresholds": {
        "1": 2.801733742562166,
        "5": 2.30314056919934,
        "10": 1.9243020738174827,
        "15": 1.6192618036474449,
        "20": 1.362913385379759
    }
}