{
    "source_profile": "prune/analysis/thought_segmentation_comparison/profiles/qwq/aime/qwq_aime_profile.json",
    "num_samples": 30,
    "total_tokens_analyzed": 401893,
    "thresholds": {
        "1": 2.7837167565261574,
        "5": 2.2803285012798216,
        "10": 1.8940913511220785,
        "15": 1.592015965115854,
        "20": 1.3329316031415066
    }
}