{
    "accuracy": 0.5333333333333333,
    "avg_total_tokens_generated": 121680.06666666667,
    "avg_num_chains_generated": 6.466666666666667,
    "correct_answer_in_chains": 0.5,
    "voting_efficiency": 1.0666666666666667,
    "window_size": 2,
    "n_chains": 16
}