{
    "accuracy": 0.5666666666666667,
    "avg_total_tokens_generated": 89940.3,
    "avg_num_chains_generated": 4.766666666666667,
    "correct_answer_in_chains": 0.43333333333333335,
    "voting_efficiency": 1.3076923076923077,
    "window_size": 2,
    "n_chains": 8
}