{
    "accuracy": 0.6,
    "avg_total_tokens_generated": 806019.3333333334,
    "avg_num_chains_generated": 44.833333333333336,
    "correct_answer_in_chains": 0.5333333333333333,
    "voting_efficiency": 1.125,
    "window_size": 8,
    "n_chains": 64
}