{
    "accuracy": 0.4666666666666667,
    "avg_total_tokens_generated": 28020.933333333334,
    "avg_num_chains_generated": 1.9,
    "correct_answer_in_chains": 0.36666666666666664,
    "voting_efficiency": 1.272727272727273,
    "window_size": 2,
    "n_chains": 2
}