{
    "accuracy": 0.5666666666666667,
    "avg_total_tokens_generated": 323809.86666666664,
    "avg_num_chains_generated": 17.233333333333334,
    "correct_answer_in_chains": 0.5333333333333333,
    "voting_efficiency": 1.0625,
    "window_size": 4,
    "n_chains": 32
}