{
    "accuracy": 0.5666666666666667,
    "avg_total_tokens_generated": 46931.9,
    "avg_num_chains_generated": 2.6333333333333333,
    "correct_answer_in_chains": 0.43333333333333335,
    "voting_efficiency": 1.3076923076923077,
    "window_size": 2,
    "n_chains": 4
}