{
    "thresholds": [
        0.9,
        0.92,
        0.94,
        0.96,
        0.97,
        0.98,
        0.985,
        0.99,
        0.995,
        0.999
    ],
    "correct_correct_props": [
        70.78488372093024,
        69.42675159235668,
        65.55555555555556,
        47.91666666666667,
        42.028985507246375,
        41.66666666666667,
        41.86046511627907,
        43.90243902439025,
        47.22222222222222,
        46.42857142857143
    ],
    "correct_incorrect_props": [
        7.412790697674419,
        7.855626326963907,
        8.148148148148149,
        14.583333333333334,
        17.391304347826086,
        16.666666666666664,
        16.27906976744186,
        12.195121951219512,
        11.11111111111111,
        14.285714285714285
    ],
    "incorrect_incorrect_props": [
        21.802325581395348,
        22.717622080679405,
        26.296296296296294,
        37.5,
        40.57971014492754,
        41.66666666666667,
        41.86046511627907,
        43.90243902439025,
        41.66666666666667,
        39.285714285714285
    ]
}