{
    "thresholds": [
        0.9,
        0.92,
        0.94,
        0.96,
        0.97,
        0.98,
        0.985,
        0.99,
        0.995,
        0.999
    ],
    "correct_correct_props": [
        50.911708253358924,
        51.34353038445638,
        48.963317384370015,
        47.667638483965014,
        46.41509433962264,
        44.89311163895487,
        44.04145077720207,
        44.73684210526316,
        47.11864406779661,
        46.494464944649444
    ],
    "correct_incorrect_props": [
        17.490403071017273,
        16.494419181479948,
        15.390749601275916,
        15.160349854227405,
        15.660377358490566,
        16.152019002375297,
        16.321243523316063,
        15.789473684210526,
        15.593220338983052,
        15.129151291512915
    ],
    "incorrect_incorrect_props": [
        31.597888675623803,
        32.16205043406366,
        35.645933014354064,
        37.17201166180758,
        37.924528301886795,
        38.95486935866984,
        39.637305699481864,
        39.473684210526315,
        37.28813559322034,
        38.37638376383764
    ]
}