{
    "accuracy": 0.6515151515151515,
    "avg_total_tokens_generated": 7607.287878787879,
    "avg_num_chains_generated": 1.0,
    "correct_answer_in_chains": 0.6515151515151515,
    "voting_efficiency": 1.0,
    "window_size": 1,
    "n_chains": 8
}