{
    "accuracy": 0.6313131313131313,
    "avg_total_tokens_generated": 7521.641414141414,
    "avg_num_chains_generated": 1.0,
    "correct_answer_in_chains": 0.6313131313131313,
    "voting_efficiency": 1.0,
    "window_size": 1,
    "n_chains": 1,
    "avg_time_taken": 168.85978956415192,
    "avg_max_kv_cache_usage": 2.8322584017020347
}