{
    "accuracy": 0.6515151515151515,
    "avg_total_tokens_generated": 22880.29292929293,
    "avg_num_chains_generated": 2.757575757575758,
    "correct_answer_in_chains": 0.7474747474747475,
    "voting_efficiency": 0.8716216216216215,
    "window_size": 2,
    "n_chains": 8,
    "avg_time_taken": 276.9966912521913,
    "avg_max_kv_cache_usage": 4.950146779110207
}