{
    "accuracy": 0.6515151515151515,
    "avg_total_tokens_generated": 26550.621212121212,
    "avg_num_chains_generated": 3.121212121212121,
    "correct_answer_in_chains": 0.7373737373737373,
    "voting_efficiency": 0.8835616438356164,
    "window_size": 2,
    "n_chains": 16,
    "avg_time_taken": 313.52372746127145,
    "avg_max_kv_cache_usage": 4.950146779110207
}