{
    "accuracy": 0.6212121212121212,
    "avg_total_tokens_generated": 14973.858585858587,
    "avg_num_chains_generated": 2.0,
    "correct_answer_in_chains": 0.702020202020202,
    "voting_efficiency": 0.8848920863309353,
    "window_size": 2,
    "n_chains": 2,
    "avg_time_taken": 200.89869914994097,
    "avg_max_kv_cache_usage": 4.950146779110207
}