{
    "accuracy": 0.6666666666666666,
    "avg_total_tokens_generated": 286389.5252525252,
    "avg_num_chains_generated": 28.585858585858585,
    "correct_answer_in_chains": 0.8686868686868687,
    "voting_efficiency": 0.7674418604651162,
    "window_size": 8,
    "n_chains": 64,
    "avg_time_taken": 1000.0545061452879,
    "avg_max_kv_cache_usage": 16.832618963309038
}