{
    "accuracy": 0.6161616161616161,
    "avg_total_tokens_generated": 7462.530303030303,
    "avg_num_chains_generated": 1.0,
    "correct_answer_in_chains": 0.6161616161616161,
    "voting_efficiency": 1.0,
    "window_size": 1,
    "n_chains": 2
}