{
    "accuracy": 0.9251968503937008,
    "avg_total_tokens_generated": 2840.728346456693,
    "avg_num_chains_generated": 1.0,
    "correct_answer_in_chains": 0.9251968503937008,
    "voting_efficiency": 1.0,
    "window_size": 1,
    "n_chains": 8
}