{
    "accuracy": 0.9173228346456693,
    "avg_total_tokens_generated": 18588.700787401576,
    "avg_num_chains_generated": 4.488188976377953,
    "correct_answer_in_chains": 0.9291338582677166,
    "voting_efficiency": 0.9872881355932204,
    "window_size": 4,
    "n_chains": 32
}