{
    "accuracy": 0.9212598425196851,
    "avg_total_tokens_generated": 49301.03937007874,
    "avg_num_chains_generated": 10.031496062992126,
    "correct_answer_in_chains": 0.9409448818897638,
    "voting_efficiency": 0.9790794979079498,
    "window_size": 8,
    "n_chains": 64,
    "avg_time_taken": 113.85510038353915,
    "avg_max_kv_cache_usage": 6.817822470986303
}