{
    "accuracy": 0.9212598425196851,
    "avg_total_tokens_generated": 6050.708661417323,
    "avg_num_chains_generated": 1.9960629921259843,
    "correct_answer_in_chains": 0.9291338582677166,
    "voting_efficiency": 0.9915254237288136,
    "window_size": 2,
    "n_chains": 2
}