{
    "accuracy": 0.9173228346456693,
    "avg_total_tokens_generated": 6903.035433070866,
    "avg_num_chains_generated": 2.094488188976378,
    "correct_answer_in_chains": 0.9291338582677166,
    "voting_efficiency": 0.9872881355932204,
    "window_size": 2,
    "n_chains": 8,
    "avg_time_taken": 80.10339211025878,
    "avg_max_kv_cache_usage": 2.0953378732320536
}