{
    "accuracy": 0.905511811023622,
    "avg_total_tokens_generated": 2836.972440944882,
    "avg_num_chains_generated": 1.0,
    "correct_answer_in_chains": 0.905511811023622,
    "voting_efficiency": 1.0,
    "window_size": 1,
    "n_chains": 1,
    "avg_time_taken": 60.749221471350964,
    "avg_max_kv_cache_usage": 1.0825912345032247
}