{
    "accuracy": 0.9251968503937008,
    "avg_total_tokens_generated": 3049.3858267716537,
    "avg_num_chains_generated": 1.0,
    "correct_answer_in_chains": 0.9251968503937008,
    "voting_efficiency": 1.0,
    "window_size": 1,
    "n_chains": 2
}