{
    "accuracy": 0.9173228346456693,
    "avg_total_tokens_generated": 6673.1614173228345,
    "avg_num_chains_generated": 2.0708661417322833,
    "correct_answer_in_chains": 0.9291338582677166,
    "voting_efficiency": 0.9872881355932204,
    "window_size": 2,
    "n_chains": 16
}