{
    "thresholds": [
        0.9,
        0.92,
        0.94,
        0.96,
        0.97,
        0.98,
        0.985,
        0.99,
        0.995,
        0.999
    ],
    "correct_correct_props": [
        48.42821544949204,
        48.858513886869275,
        48.92525647288715,
        46.50751547303271,
        42.59887005649718,
        41.067761806981515,
        40.68554396423249,
        39.64828137490008,
        39.042821158690174,
        39.39393939393939
    ],
    "correct_incorrect_props": [
        14.701935978531724,
        14.00319906936164,
        13.702979970688814,
        13.925729442970821,
        15.423728813559324,
        16.153319644079396,
        16.31892697466468,
        16.866506794564348,
        17.044500419815282,
        17.142857142857142
    ],
    "incorrect_incorrect_props": [
        36.869848571976235,
        37.13828704376908,
        37.371763556424035,
        39.56675508399646,
        41.9774011299435,
        42.77891854893908,
        42.995529061102836,
        43.48521183053557,
        43.91267842149455,
        43.46320346320346
    ]
}