{
    "model_name": "qwq",
    "dataset": "aime",
    "num_samples": 10,
    "seed": 42,
    "total_tokens_analyzed": 121125,
    "thresholds": {
        "1": 2.7926314205428424,
        "5": 2.3191996527675367,
        "10": 1.9575889525928956,
        "15": 1.673881362753213,
        "20": 1.43113593094932
    }
}