{
    "model_name": "qwq",
    "dataset": "aime",
    "num_samples": 30,
    "seed": 42,
    "total_tokens_analyzed": 389820,
    "thresholds": {
        "1": 2.7850067840927877,
        "5": 2.2830070373254086,
        "10": 1.8954316040761467,
        "15": 1.5886494145795305,
        "20": 1.3297099350054915
    }
}