{
  "num_runs_aggregated": 3,
  "mean": {
    "num_questions_processed": 254.0,
    "overall_accuracy": 0.916010498687664,
    "early_stop_rate": 0.9960629921259843,
    "mean_chains_generated": 2.112860892388451,
    "mean_total_completion_tokens_per_question": 7749.484251968504,
    "mean_processing_duration_sec_per_question": 90.63504428531867,
    "mean_max_kv_cache_usage_per_question_perc": 0.020927265370920812,
    "mean_mean_kv_cache_usage_per_question_perc": 0.010927598472694727
  },
  "std_dev": {
    "num_questions_processed_std": 0.0,
    "overall_accuracy_std": 0.0022730325558646645,
    "early_stop_rate_std": 0.003937007874015741,
    "mean_chains_generated_std": 0.04040631054682603,
    "mean_total_completion_tokens_per_question_std": 308.3042566662506,
    "mean_processing_duration_sec_per_question_std": 4.163925024373661,
    "mean_max_kv_cache_usage_per_question_perc_std": 0.00035802488245596613,
    "mean_mean_kv_cache_usage_per_question_perc_std": 0.00011701807593977134
  },
  "config": {
    "n_chains_max": 8,
    "window_size": 2,
    "tokenizer_path_provided": true,
    "random_seed": null
  }
}