{
    "source_profile": "prune/analysis/thought_segmentation_comparison/profiles/qwq/gpqa_diamond/qwq_gpqa_diamond_profile.json",
    "num_samples": 10,
    "total_tokens_analyzed": 49517,
    "thresholds": {
        "1": 2.8922446284964853,
        "5": 2.503027036007507,
        "10": 2.2054179947109036,
        "15": 1.9666930152237965,
        "20": 1.749258049400504
    }
}