{
    "source_profile": "prune/analysis/thought_segmentation_comparison/profiles/qwq/gpqa_diamond/qwq_gpqa_diamond_profile.json",
    "num_samples": 30,
    "total_tokens_analyzed": 213428,
    "thresholds": {
        "1": 2.8823625820260266,
        "5": 2.4963833850792754,
        "10": 2.197976967919058,
        "15": 1.9542131306838384,
        "20": 1.7341280572706383
    }
}