{
  "num_runs_aggregated": 3,
  "mean": {
    "num_questions_processed": 198.0,
    "overall_accuracy": 0.6195286195286195,
    "early_stop_rate": 0.6296296296296297,
    "mean_chains_generated": 34.32996632996633,
    "mean_total_completion_tokens_per_question": 261864.00505050505,
    "mean_processing_duration_sec_per_question": 876.4415186053575,
    "mean_max_kv_cache_usage_per_question_perc": 0.2079232200236766,
    "mean_mean_kv_cache_usage_per_question_perc": 0.09968047831810994
  },
  "std_dev": {
    "num_questions_processed_std": 0.0,
    "overall_accuracy_std": 0.007714773897232043,
    "early_stop_rate_std": 0.005831820900905284,
    "mean_chains_generated_std": 0.3965638212615601,
    "mean_total_completion_tokens_per_question_std": 2826.0321225163393,
    "mean_processing_duration_sec_per_question_std": 17.0731969252645,
    "mean_max_kv_cache_usage_per_question_perc_std": 0.0016834294167957784,
    "mean_mean_kv_cache_usage_per_question_perc_std": 0.0004297351751053043
  },
  "config": {
    "n_chains_max": 64,
    "window_size": 8,
    "tokenizer_path_provided": true,
    "random_seed": null
  }
}