{
    "model_name": "r1-distill",
    "dataset": "aqua_rat",
    "num_samples": 30,
    "seed": 42,
    "total_tokens_analyzed": 62799,
    "thresholds": {
        "1": 3.278340505527401,
        "5": 2.7289775076914546,
        "10": 2.2868975870891597,
        "15": 1.9449898472527467,
        "20": 1.6627136329519216
    }
}