{
    "model_name": "r1-distill",
    "dataset": "aqua_rat",
    "num_samples": 10,
    "seed": 42,
    "total_tokens_analyzed": 7359,
    "thresholds": {
        "1": 2.9256750415327937,
        "5": 2.5106328816922163,
        "10": 2.148128515403444,
        "15": 1.8566631099940822,
        "20": 1.5976604527908027
    }
}