{
    "model_name": "r1-distill",
    "dataset": "aqua_rat",
    "num_samples": 30,
    "seed": 42,
    "total_tokens_analyzed": 70596,
    "thresholds": {
        "1": 2.9002773534561612,
        "5": 2.458110615830856,
        "10": 2.084960911310616,
        "15": 1.7818418747151488,
        "20": 1.5198202864564547
    }
}