{
    "thresholds": [
        0.9,
        0.92,
        0.94,
        0.96,
        0.97,
        0.98,
        0.985,
        0.99,
        0.995,
        0.999
    ],
    "correct_correct_props": [
        50.0772797527048,
        48.91304347826087,
        42.69662921348314,
        36.84210526315789,
        31.944444444444443,
        31.57894736842105,
        31.914893617021278,
        33.33333333333333,
        32.25806451612903,
        34.48275862068966
    ],
    "correct_incorrect_props": [
        6.800618238021638,
        6.739130434782608,
        6.741573033707865,
        6.140350877192982,
        6.944444444444445,
        8.771929824561402,
        8.51063829787234,
        11.11111111111111,
        12.903225806451612,
        10.344827586206897
    ],
    "incorrect_incorrect_props": [
        43.12210200927357,
        44.34782608695652,
        50.56179775280899,
        57.01754385964912,
        61.111111111111114,
        59.64912280701754,
        59.57446808510638,
        55.55555555555556,
        54.83870967741935,
        55.172413793103445
    ]
}