{
    "model_name": "qwq",
    "dataset": "math_dapo",
    "num_samples": 50,
    "seed": 42,
    "total_tokens_analyzed": 465881,
    "thresholds": {
        "1": 2.8027817764183145,
        "5": 2.296560502823203,
        "10": 1.9076145370353959,
        "15": 1.600978306880322,
        "20": 1.3423451289654142
    }
}