{
    "accuracy": 0.5505050505050505,
    "avg_total_tokens_generated": 13146.585858585859,
    "avg_num_chains_generated": 2.0,
    "correct_answer_in_chains": 0.6717171717171717,
    "voting_efficiency": 0.8195488721804511,
    "window_size": 2,
    "n_chains": 2,
    "avg_time_taken": 137.0379323875061,
    "avg_max_kv_cache_usage": 5.655373129033739
}