{
    "accuracy": 0.5606060606060606,
    "avg_total_tokens_generated": 6468.136363636364,
    "avg_num_chains_generated": 1.0,
    "correct_answer_in_chains": 0.5606060606060606,
    "voting_efficiency": 1.0,
    "window_size": 1,
    "n_chains": 2
}