{
    "accuracy": 0.6212121212121212,
    "avg_total_tokens_generated": 21443.02525252525,
    "avg_num_chains_generated": 2.9797979797979797,
    "correct_answer_in_chains": 0.7121212121212122,
    "voting_efficiency": 0.8723404255319148,
    "window_size": 2,
    "n_chains": 8,
    "avg_time_taken": 204.17267704199145,
    "avg_max_kv_cache_usage": 5.655373129033739
}