{
    "accuracy": 0.6161616161616161,
    "avg_total_tokens_generated": 95190.40909090909,
    "avg_num_chains_generated": 12.474747474747474,
    "correct_answer_in_chains": 0.8080808080808081,
    "voting_efficiency": 0.7625,
    "window_size": 4,
    "n_chains": 32,
    "avg_time_taken": 502.61385646573416,
    "avg_max_kv_cache_usage": 10.601909402626726
}