{
    "accuracy": 0.5959595959595959,
    "avg_total_tokens_generated": 6619.383838383838,
    "avg_num_chains_generated": 1.0,
    "correct_answer_in_chains": 0.5959595959595959,
    "voting_efficiency": 1.0,
    "window_size": 1,
    "n_chains": 8
}