{
    "accuracy": 0.5959595959595959,
    "avg_total_tokens_generated": 6389.343434343435,
    "avg_num_chains_generated": 1.0,
    "correct_answer_in_chains": 0.5959595959595959,
    "voting_efficiency": 1.0,
    "window_size": 1,
    "n_chains": 1,
    "avg_time_taken": 115.36958670014084,
    "avg_max_kv_cache_usage": 3.1089872044814846
}