{
    "accuracy": 0.5808080808080808,
    "avg_total_tokens_generated": 25219.348484848484,
    "avg_num_chains_generated": 3.3333333333333335,
    "correct_answer_in_chains": 0.7121212121212122,
    "voting_efficiency": 0.8156028368794326,
    "window_size": 2,
    "n_chains": 16,
    "avg_time_taken": 228.39655397917687,
    "avg_max_kv_cache_usage": 5.655373129033739
}