{
    "accuracy": 0.6363636363636364,
    "avg_total_tokens_generated": 251696.43434343435,
    "avg_num_chains_generated": 33.28787878787879,
    "correct_answer_in_chains": 0.8636363636363636,
    "voting_efficiency": 0.7368421052631579,
    "window_size": 8,
    "n_chains": 64
}