{
    "accuracy": 0.5909090909090909,
    "avg_total_tokens_generated": 18413.21212121212,
    "avg_num_chains_generated": 2.595959595959596,
    "correct_answer_in_chains": 0.7171717171717171,
    "voting_efficiency": 0.8239436619718311,
    "window_size": 2,
    "n_chains": 4,
    "avg_time_taken": 177.87246779590438,
    "avg_max_kv_cache_usage": 5.655373129033739
}