{
    "accuracy": 0.5505050505050505,
    "avg_total_tokens_generated": 6697.242424242424,
    "avg_num_chains_generated": 1.0,
    "correct_answer_in_chains": 0.5505050505050505,
    "voting_efficiency": 1.0,
    "window_size": 1,
    "n_chains": 4
}