{
  "num_runs_aggregated": 3,
  "mean": {
    "num_questions_processed": 254.0,
    "overall_accuracy": 0.8950131233595799,
    "early_stop_rate": 0.9986876640419947,
    "mean_chains_generated": 2.0918635170603674,
    "mean_total_completion_tokens_per_question": 5226.892388451443,
    "mean_processing_duration_sec_per_question": 50.64980190163209,
    "mean_max_kv_cache_usage_per_question_perc": 0.02024582828972858,
    "mean_mean_kv_cache_usage_per_question_perc": 0.010744610557559797
  },
  "std_dev": {
    "num_questions_processed_std": 0.0,
    "overall_accuracy_std": 0.004546065111729329,
    "early_stop_rate_std": 0.002273032555864664,
    "mean_chains_generated_std": 0.016391070861938025,
    "mean_total_completion_tokens_per_question_std": 113.2990730788501,
    "mean_processing_duration_sec_per_question_std": 0.9313948679899523,
    "mean_max_kv_cache_usage_per_question_perc_std": 0.0005866087828497776,
    "mean_mean_kv_cache_usage_per_question_perc_std": 0.0002947289682158187
  },
  "config": {
    "n_chains_max": 8,
    "window_size": 2,
    "tokenizer_path_provided": true,
    "random_seed": null
  }
}