{
    "source_profile": "prune/analysis/thought_segmentation_comparison/profiles/r1-distill/gpqa_diamond/r1-distill_gpqa_diamond_profile.json",
    "num_samples": 30,
    "total_tokens_analyzed": 210258,
    "thresholds": {
        "1": 2.9664752882527243,
        "5": 2.581748810530083,
        "10": 2.2508086038444346,
        "15": 1.9670619633506963,
        "20": 1.7165799763717273
    }
}