{
    "source_profile": "prune/analysis/thought_segmentation_comparison/profiles/r1-distill/gpqa_diamond/r1-distill_gpqa_diamond_profile.json",
    "num_samples": 10,
    "total_tokens_analyzed": 72031,
    "thresholds": {
        "1": 2.9488280595058085,
        "5": 2.543452592196818,
        "10": 2.1893262319227076,
        "15": 1.8931222800756196,
        "20": 1.613666955636285
    }
}