{
    "source_profile": "prune/analysis/thought_segmentation_comparison/profiles/r1-distill/gpqa_diamond/r1-distill_gpqa_diamond_profile.json",
    "num_samples": 30,
    "total_tokens_analyzed": 188315,
    "thresholds": {
        "1": 3.312187721013541,
        "5": 2.8328500061173725,
        "10": 2.4330979091745735,
        "15": 2.1059155158663074,
        "20": 1.8213641698233256
    }
}