{
    "5_Solving in Different Sections": {
        "num_thoughts": 2,
        "scores": {
            "tfidf_cosine": 0.13274968327437034,
            "sbert_cosine_mpnet_base_v2": 0.39082056283950806,
            "sbert_cosine_nomic_v2_moe": 0.6152526140213013,
            "sbert_cosine_nomic_v1_5_bert_tok": 0.6314166784286499,
            "llm_judge_similarity": 0.7,
            "gemini_cosine": 0.7996063828468323
        }
    },
    "5_Different Thoughts": {
        "num_thoughts": 2,
        "scores": {
            "tfidf_cosine": 0.2685359365342995,
            "sbert_cosine_mpnet_base_v2": 0.3313884437084198,
            "sbert_cosine_nomic_v2_moe": 0.5483555197715759,
            "sbert_cosine_nomic_v1_5_bert_tok": 0.5632059574127197,
            "llm_judge_similarity": 0.0,
            "gemini_cosine": 0.6537607908248901
        }
    },
    "5_Simplifying": {
        "num_thoughts": 2,
        "scores": {
            "tfidf_cosine": 0.3777658625856985,
            "sbert_cosine_mpnet_base_v2": 0.39413225650787354,
            "sbert_cosine_nomic_v2_moe": 0.5641990303993225,
            "sbert_cosine_nomic_v1_5_bert_tok": 0.5409634709358215,
            "llm_judge_similarity": 0.8,
            "gemini_cosine": 0.727009654045105
        }
    },
    "32_Different Thoughts": {
        "num_thoughts": 2,
        "scores": {
            "tfidf_cosine": 0.38587110016633586,
            "sbert_cosine_mpnet_base_v2": 0.5622048377990723,
            "sbert_cosine_nomic_v2_moe": 0.6210823655128479,
            "sbert_cosine_nomic_v1_5_bert_tok": 0.7034616470336914,
            "llm_judge_similarity": 0.6,
            "gemini_cosine": 0.7417505979537964
        }
    },
    "52_Different Thoughts 1": {
        "num_thoughts": 2,
        "scores": {
            "tfidf_cosine": 0.34446169087486667,
            "sbert_cosine_mpnet_base_v2": 0.22955700755119324,
            "sbert_cosine_nomic_v2_moe": 0.3247402012348175,
            "sbert_cosine_nomic_v1_5_bert_tok": 0.5822862386703491,
            "llm_judge_similarity": 0.0,
            "gemini_cosine": 0.6593338847160339
        }
    },
    "52_Different Thoughts 2": {
        "num_thoughts": 2,
        "scores": {
            "tfidf_cosine": 0.38894229175244277,
            "sbert_cosine_mpnet_base_v2": 0.6640660762786865,
            "sbert_cosine_nomic_v2_moe": 0.5741946697235107,
            "sbert_cosine_nomic_v1_5_bert_tok": 0.7826845645904541,
            "llm_judge_similarity": 0.3,
            "gemini_cosine": 0.805709183216095
        }
    },
    "95_Different Thoughts 1": {
        "num_thoughts": 2,
        "scores": {
            "tfidf_cosine": 0.48239509926524987,
            "sbert_cosine_mpnet_base_v2": 0.7377645969390869,
            "sbert_cosine_nomic_v2_moe": 0.7999130487442017,
            "sbert_cosine_nomic_v1_5_bert_tok": 0.8593414425849915,
            "llm_judge_similarity": 0.7,
            "gemini_cosine": 0.863970935344696
        }
    },
    "95_Different Thoughts 2": {
        "num_thoughts": 2,
        "scores": {
            "tfidf_cosine": 0.43888329686653266,
            "sbert_cosine_mpnet_base_v2": 0.6463317275047302,
            "sbert_cosine_nomic_v2_moe": 0.849312424659729,
            "sbert_cosine_nomic_v1_5_bert_tok": 0.8679659962654114,
            "llm_judge_similarity": 0.7,
            "gemini_cosine": 0.8924758434295654
        }
    },
    "95_Different Thoughts 3": {
        "num_thoughts": 2,
        "scores": {
            "tfidf_cosine": 0.3036593885704586,
            "sbert_cosine_mpnet_base_v2": 0.6916237473487854,
            "sbert_cosine_nomic_v2_moe": 0.7591134309768677,
            "sbert_cosine_nomic_v1_5_bert_tok": 0.8216838240623474,
            "llm_judge_similarity": 0.7,
            "gemini_cosine": 0.8382486701011658
        }
    },
    "95_Different Thoughts 4": {
        "num_thoughts": 2,
        "scores": {
            "tfidf_cosine": 0.41496002199568205,
            "sbert_cosine_mpnet_base_v2": 0.5528354048728943,
            "sbert_cosine_nomic_v2_moe": 0.6791771650314331,
            "sbert_cosine_nomic_v1_5_bert_tok": 0.7996734976768494,
            "llm_judge_similarity": 0.7,
            "gemini_cosine": 0.7764149904251099
        }
    }
}