{
    "model_id": "sentence-transformers/all-mpnet-base-v2",
    "thresholds_evaluated": [
        0.65,
        0.7,
        0.71,
        0.72,
        0.73,
        0.74,
        0.75,
        0.8,
        0.85,
        0.9
    ],
    "results": {
        "0.65": {
            "accuracy": 0.7560975609756098,
            "precision_similar": 0.8888888888888888,
            "f1_similar": 0.8275862068965517,
            "confusion_matrix": [
                [
                    7,
                    3
                ],
                [
                    7,
                    24
                ]
            ]
        },
        "0.7": {
            "accuracy": 0.7560975609756098,
            "precision_similar": 0.9565217391304348,
            "f1_similar": 0.8148148148148148,
            "confusion_matrix": [
                [
                    9,
                    1
                ],
                [
                    9,
                    22
                ]
            ]
        },
        "0.71": {
            "accuracy": 0.7317073170731707,
            "precision_similar": 0.9545454545454546,
            "f1_similar": 0.7924528301886793,
            "confusion_matrix": [
                [
                    9,
                    1
                ],
                [
                    10,
                    21
                ]
            ]
        },
        "0.72": {
            "accuracy": 0.6829268292682927,
            "precision_similar": 0.95,
            "f1_similar": 0.7450980392156863,
            "confusion_matrix": [
                [
                    9,
                    1
                ],
                [
                    12,
                    19
                ]
            ]
        },
        "0.73": {
            "accuracy": 0.6829268292682927,
            "precision_similar": 0.95,
            "f1_similar": 0.7450980392156863,
            "confusion_matrix": [
                [
                    9,
                    1
                ],
                [
                    12,
                    19
                ]
            ]
        },
        "0.74": {
            "accuracy": 0.7073170731707317,
            "precision_similar": 1.0,
            "f1_similar": 0.76,
            "confusion_matrix": [
                [
                    10,
                    0
                ],
                [
                    12,
                    19
                ]
            ]
        },
        "0.75": {
            "accuracy": 0.6829268292682927,
            "precision_similar": 1.0,
            "f1_similar": 0.7346938775510204,
            "confusion_matrix": [
                [
                    10,
                    0
                ],
                [
                    13,
                    18
                ]
            ]
        },
        "0.8": {
            "accuracy": 0.5609756097560976,
            "precision_similar": 1.0,
            "f1_similar": 0.5909090909090909,
            "confusion_matrix": [
                [
                    10,
                    0
                ],
                [
                    18,
                    13
                ]
            ]
        },
        "0.85": {
            "accuracy": 0.36585365853658536,
            "precision_similar": 1.0,
            "f1_similar": 0.2777777777777778,
            "confusion_matrix": [
                [
                    10,
                    0
                ],
                [
                    26,
                    5
                ]
            ]
        },
        "0.9": {
            "accuracy": 0.2682926829268293,
            "precision_similar": 1.0,
            "f1_similar": 0.0625,
            "confusion_matrix": [
                [
                    10,
                    0
                ],
                [
                    30,
                    1
                ]
            ]
        }
    }
}