{
    "UnknownQuestion_Intro": {
        "num_thoughts": 2,
        "scores": {
            "tfidf_cosine": 0.4858618547812266,
            "sbert_cosine_mpnet_base_v2": 0.7836151123046875,
            "sbert_cosine_nomic_v2_moe": 0.847678542137146,
            "sbert_cosine_nomic_v1_5_bert_tok": 0.8871591091156006,
            "llm_judge_similarity": 0.7
        }
    },
    "UnknownQuestion_Operators": {
        "num_thoughts": 2,
        "scores": {
            "tfidf_cosine": 0.5382713373492346,
            "sbert_cosine_mpnet_base_v2": 0.8007587194442749,
            "sbert_cosine_nomic_v2_moe": 0.7727686762809753,
            "sbert_cosine_nomic_v1_5_bert_tok": 0.7823479771614075,
            "llm_judge_similarity": 0.8
        }
    },
    "UnknownQuestion_Direction": {
        "num_thoughts": 2,
        "scores": {
            "tfidf_cosine": 0.4567528450940868,
            "sbert_cosine_mpnet_base_v2": 0.6926109790802002,
            "sbert_cosine_nomic_v2_moe": 0.6537401080131531,
            "sbert_cosine_nomic_v1_5_bert_tok": 0.7600553035736084,
            "llm_judge_similarity": 0.7
        }
    },
    "UnknownQuestion_Unit vector": {
        "num_thoughts": 2,
        "scores": {
            "tfidf_cosine": 0.5453520426516153,
            "sbert_cosine_mpnet_base_v2": 0.7649125456809998,
            "sbert_cosine_nomic_v2_moe": 0.8452140092849731,
            "sbert_cosine_nomic_v1_5_bert_tok": 0.87649005651474,
            "llm_judge_similarity": 0.8
        }
    },
    "UnknownQuestion_Operator P": {
        "num_thoughts": 3,
        "scores": {
            "tfidf_cosine": 0.5988924202488335,
            "sbert_cosine_mpnet_base_v2": 0.7748048901557922,
            "sbert_cosine_nomic_v2_moe": 0.7395623326301575,
            "sbert_cosine_nomic_v1_5_bert_tok": 0.7612449526786804,
            "llm_judge_similarity": 0.8000000000000002
        }
    },
    "UnknownQuestion_Sys of Linear Eqns": {
        "num_thoughts": 3,
        "scores": {
            "tfidf_cosine": 0.29606556970766046,
            "sbert_cosine_mpnet_base_v2": 0.45463618636131287,
            "sbert_cosine_nomic_v2_moe": 0.644635796546936,
            "sbert_cosine_nomic_v1_5_bert_tok": 0.667999804019928,
            "llm_judge_similarity": 0.7000000000000001
        }
    },
    "UnknownQuestion_Solving": {
        "num_thoughts": 2,
        "scores": {
            "tfidf_cosine": 0.6025478398841346,
            "sbert_cosine_mpnet_base_v2": 0.8359330892562866,
            "sbert_cosine_nomic_v2_moe": 0.7945313453674316,
            "sbert_cosine_nomic_v1_5_bert_tok": 0.7678729295730591,
            "llm_judge_similarity": 0.8
        }
    },
    "UnknownQuestion_Writing as Sinusoidal": {
        "num_thoughts": 2,
        "scores": {
            "tfidf_cosine": 0.3467524447609459,
            "sbert_cosine_mpnet_base_v2": 0.7416887283325195,
            "sbert_cosine_nomic_v2_moe": 0.7180219292640686,
            "sbert_cosine_nomic_v1_5_bert_tok": 0.8153534531593323,
            "llm_judge_similarity": 0.8
        }
    },
    "UnknownQuestion_Answering": {
        "num_thoughts": 2,
        "scores": {
            "tfidf_cosine": 0.726915438646987,
            "sbert_cosine_mpnet_base_v2": 0.6373851299285889,
            "sbert_cosine_nomic_v2_moe": 0.7184863090515137,
            "sbert_cosine_nomic_v1_5_bert_tok": 0.7866187691688538,
            "llm_judge_similarity": 0.9
        }
    },
    "UnknownQuestion_Calculating Gamma": {
        "num_thoughts": 2,
        "scores": {
            "tfidf_cosine": 0.8606592683353012,
            "sbert_cosine_mpnet_base_v2": 0.8437774181365967,
            "sbert_cosine_nomic_v2_moe": 0.9000988006591797,
            "sbert_cosine_nomic_v1_5_bert_tok": 0.9359924793243408,
            "llm_judge_similarity": 0.9
        }
    },
    "UnknownQuestion_Reverifying Gamma": {
        "num_thoughts": 2,
        "scores": {
            "tfidf_cosine": 0.33720156612357005,
            "sbert_cosine_mpnet_base_v2": 0.6988101005554199,
            "sbert_cosine_nomic_v2_moe": 0.7086969614028931,
            "sbert_cosine_nomic_v1_5_bert_tok": 0.7517650127410889,
            "llm_judge_similarity": 0.9
        }
    },
    "UnknownQuestion_Using Rest Masses": {
        "num_thoughts": 2,
        "scores": {
            "tfidf_cosine": 0.5223578189958142,
            "sbert_cosine_mpnet_base_v2": 0.8323806524276733,
            "sbert_cosine_nomic_v2_moe": 0.829136073589325,
            "sbert_cosine_nomic_v1_5_bert_tok": 0.8787940144538879,
            "llm_judge_similarity": 0.8
        }
    },
    "UnknownQuestion_Calculating from Rest Mass": {
        "num_thoughts": 2,
        "scores": {
            "tfidf_cosine": 0.42603492404237125,
            "sbert_cosine_mpnet_base_v2": 0.856114387512207,
            "sbert_cosine_nomic_v2_moe": 0.8073440194129944,
            "sbert_cosine_nomic_v1_5_bert_tok": 0.8213911652565002,
            "llm_judge_similarity": 0.8
        }
    },
    "UnknownQuestion_Evaluating Options": {
        "num_thoughts": 2,
        "scores": {
            "tfidf_cosine": 0.32450890698765084,
            "sbert_cosine_mpnet_base_v2": 0.8570953607559204,
            "sbert_cosine_nomic_v2_moe": 0.8301122188568115,
            "sbert_cosine_nomic_v1_5_bert_tok": 0.9034151434898376,
            "llm_judge_similarity": 0.8
        }
    },
    "UnknownQuestion_Recalculating": {
        "num_thoughts": 2,
        "scores": {
            "tfidf_cosine": 0.4522821836695903,
            "sbert_cosine_mpnet_base_v2": 0.7869267463684082,
            "sbert_cosine_nomic_v2_moe": 0.8204714059829712,
            "sbert_cosine_nomic_v1_5_bert_tok": 0.8644652366638184,
            "llm_judge_similarity": 0.9
        }
    },
    "UnknownQuestion_Boltzmann": {
        "num_thoughts": 3,
        "scores": {
            "tfidf_cosine": 0.5133522952957251,
            "sbert_cosine_mpnet_base_v2": 0.597829282283783,
            "sbert_cosine_nomic_v2_moe": 0.7023318409919739,
            "sbert_cosine_nomic_v1_5_bert_tok": 0.8257038593292236,
            "llm_judge_similarity": 0.7333333333333334
        }
    },
    "UnknownQuestion_Factor": {
        "num_thoughts": 2,
        "scores": {
            "tfidf_cosine": 0.12598088826395673,
            "sbert_cosine_mpnet_base_v2": 0.47888338565826416,
            "sbert_cosine_nomic_v2_moe": 0.613008439540863,
            "sbert_cosine_nomic_v1_5_bert_tok": 0.6615574955940247,
            "llm_judge_similarity": 0.8
        }
    },
    "UnknownQuestion_mCPBA": {
        "num_thoughts": 2,
        "scores": {
            "tfidf_cosine": 0.3409591203617962,
            "sbert_cosine_mpnet_base_v2": 0.7136819958686829,
            "sbert_cosine_nomic_v2_moe": 0.7524216175079346,
            "sbert_cosine_nomic_v1_5_bert_tok": 0.8413010835647583,
            "llm_judge_similarity": 0.6
        }
    }
}