{
    "5_Intro": {
        "num_thoughts": 3,
        "scores": {
            "tfidf_cosine": 0.6389831479824521,
            "sbert_cosine_mpnet_base_v2": 0.8276475071907043,
            "sbert_cosine_nomic_v2_moe": 0.8839201331138611,
            "sbert_cosine_nomic_v1_5_bert_tok": 0.9154290556907654,
            "llm_judge_similarity": 0.9,
            "gemini_cosine": 0.9378555417060852
        }
    },
    "5_Operators": {
        "num_thoughts": 2,
        "scores": {
            "tfidf_cosine": 0.5382713373492346,
            "sbert_cosine_mpnet_base_v2": 0.8007587194442749,
            "sbert_cosine_nomic_v2_moe": 0.7727686762809753,
            "sbert_cosine_nomic_v1_5_bert_tok": 0.7823479771614075,
            "llm_judge_similarity": 0.8,
            "gemini_cosine": 0.8777917623519897
        }
    },
    "5_Direction": {
        "num_thoughts": 2,
        "scores": {
            "tfidf_cosine": 0.4567528450940868,
            "sbert_cosine_mpnet_base_v2": 0.6926109790802002,
            "sbert_cosine_nomic_v2_moe": 0.6537401080131531,
            "sbert_cosine_nomic_v1_5_bert_tok": 0.7600553035736084,
            "llm_judge_similarity": 0.6,
            "gemini_cosine": 0.8010655641555786
        }
    },
    "5_Unit vector": {
        "num_thoughts": 2,
        "scores": {
            "tfidf_cosine": 0.5453520426516153,
            "sbert_cosine_mpnet_base_v2": 0.7649125456809998,
            "sbert_cosine_nomic_v2_moe": 0.8452140092849731,
            "sbert_cosine_nomic_v1_5_bert_tok": 0.87649005651474,
            "llm_judge_similarity": 0.7,
            "gemini_cosine": 0.8706379532814026
        }
    },
    "5_Operator P": {
        "num_thoughts": 3,
        "scores": {
            "tfidf_cosine": 0.5988924202488335,
            "sbert_cosine_mpnet_base_v2": 0.7748048901557922,
            "sbert_cosine_nomic_v2_moe": 0.7395623326301575,
            "sbert_cosine_nomic_v1_5_bert_tok": 0.7612449526786804,
            "llm_judge_similarity": 0.8000000000000002,
            "gemini_cosine": 0.8846381306648254
        }
    },
    "5_Sys of Linear Eqns": {
        "num_thoughts": 3,
        "scores": {
            "tfidf_cosine": 0.29606556970766046,
            "sbert_cosine_mpnet_base_v2": 0.45463618636131287,
            "sbert_cosine_nomic_v2_moe": 0.644635796546936,
            "sbert_cosine_nomic_v1_5_bert_tok": 0.667999804019928,
            "llm_judge_similarity": 0.6666666666666666,
            "gemini_cosine": 0.8075839877128601
        }
    },
    "5_Solving": {
        "num_thoughts": 2,
        "scores": {
            "tfidf_cosine": 0.6025478398841346,
            "sbert_cosine_mpnet_base_v2": 0.8359330892562866,
            "sbert_cosine_nomic_v2_moe": 0.7945313453674316,
            "sbert_cosine_nomic_v1_5_bert_tok": 0.7678729295730591,
            "llm_judge_similarity": 0.8,
            "gemini_cosine": 0.925476610660553
        }
    },
    "5_Writing as Sinusoidal": {
        "num_thoughts": 2,
        "scores": {
            "tfidf_cosine": 0.3467524447609459,
            "sbert_cosine_mpnet_base_v2": 0.7416887283325195,
            "sbert_cosine_nomic_v2_moe": 0.7180219292640686,
            "sbert_cosine_nomic_v1_5_bert_tok": 0.8153534531593323,
            "llm_judge_similarity": 0.8,
            "gemini_cosine": 0.8623695373535156
        }
    },
    "5_Answering": {
        "num_thoughts": 2,
        "scores": {
            "tfidf_cosine": 0.726915438646987,
            "sbert_cosine_mpnet_base_v2": 0.6373851299285889,
            "sbert_cosine_nomic_v2_moe": 0.7184863090515137,
            "sbert_cosine_nomic_v1_5_bert_tok": 0.7866187691688538,
            "llm_judge_similarity": 0.9,
            "gemini_cosine": 0.8316510915756226
        }
    },
    "32_Intro": {
        "num_thoughts": 3,
        "scores": {
            "tfidf_cosine": 0.582519634382692,
            "sbert_cosine_mpnet_base_v2": 0.890392005443573,
            "sbert_cosine_nomic_v2_moe": 0.8657658100128174,
            "sbert_cosine_nomic_v1_5_bert_tok": 0.9229283928871155,
            "llm_judge_similarity": 0.8000000000000002,
            "gemini_cosine": 0.9273011088371277
        }
    },
    "32_Calculating Gamma": {
        "num_thoughts": 2,
        "scores": {
            "tfidf_cosine": 0.8606592683353012,
            "sbert_cosine_mpnet_base_v2": 0.8437774181365967,
            "sbert_cosine_nomic_v2_moe": 0.9000988006591797,
            "sbert_cosine_nomic_v1_5_bert_tok": 0.9359924793243408,
            "llm_judge_similarity": 0.9,
            "gemini_cosine": 0.9520702362060547
        }
    },
    "32_Reverifying Gamma": {
        "num_thoughts": 2,
        "scores": {
            "tfidf_cosine": 0.33720156612357005,
            "sbert_cosine_mpnet_base_v2": 0.6988101005554199,
            "sbert_cosine_nomic_v2_moe": 0.7086969614028931,
            "sbert_cosine_nomic_v1_5_bert_tok": 0.7517650127410889,
            "llm_judge_similarity": 0.9,
            "gemini_cosine": 0.8532748222351074
        }
    },
    "32_Using Rest Masses": {
        "num_thoughts": 2,
        "scores": {
            "tfidf_cosine": 0.5223578189958142,
            "sbert_cosine_mpnet_base_v2": 0.8323806524276733,
            "sbert_cosine_nomic_v2_moe": 0.829136073589325,
            "sbert_cosine_nomic_v1_5_bert_tok": 0.8787940144538879,
            "llm_judge_similarity": 0.8,
            "gemini_cosine": 0.8903450965881348
        }
    },
    "32_Calculating from Rest Mass": {
        "num_thoughts": 2,
        "scores": {
            "tfidf_cosine": 0.42603492404237125,
            "sbert_cosine_mpnet_base_v2": 0.856114387512207,
            "sbert_cosine_nomic_v2_moe": 0.8073440194129944,
            "sbert_cosine_nomic_v1_5_bert_tok": 0.8213911652565002,
            "llm_judge_similarity": 0.8,
            "gemini_cosine": 0.9046916365623474
        }
    },
    "32_Evaluating Options": {
        "num_thoughts": 2,
        "scores": {
            "tfidf_cosine": 0.32450890698765084,
            "sbert_cosine_mpnet_base_v2": 0.8570953607559204,
            "sbert_cosine_nomic_v2_moe": 0.8301122188568115,
            "sbert_cosine_nomic_v1_5_bert_tok": 0.9034151434898376,
            "llm_judge_similarity": 0.8,
            "gemini_cosine": 0.8939989805221558
        }
    },
    "32_Recalculating": {
        "num_thoughts": 2,
        "scores": {
            "tfidf_cosine": 0.4522821836695903,
            "sbert_cosine_mpnet_base_v2": 0.7869267463684082,
            "sbert_cosine_nomic_v2_moe": 0.8204714059829712,
            "sbert_cosine_nomic_v1_5_bert_tok": 0.8644652366638184,
            "llm_judge_similarity": 0.8,
            "gemini_cosine": 0.9134467840194702
        }
    },
    "52_Intro": {
        "num_thoughts": 2,
        "scores": {
            "tfidf_cosine": 0.6967962777870914,
            "sbert_cosine_mpnet_base_v2": 0.7547240257263184,
            "sbert_cosine_nomic_v2_moe": 0.8291479349136353,
            "sbert_cosine_nomic_v1_5_bert_tok": 0.7877697944641113,
            "llm_judge_similarity": 0.8,
            "gemini_cosine": 0.9347020387649536
        }
    },
    "52_Boltzmann": {
        "num_thoughts": 3,
        "scores": {
            "tfidf_cosine": 0.5133522952957251,
            "sbert_cosine_mpnet_base_v2": 0.597829282283783,
            "sbert_cosine_nomic_v2_moe": 0.7023318409919739,
            "sbert_cosine_nomic_v1_5_bert_tok": 0.8257038593292236,
            "llm_judge_similarity": 0.7000000000000001,
            "gemini_cosine": 0.8294708132743835
        }
    },
    "52_Factor": {
        "num_thoughts": 2,
        "scores": {
            "tfidf_cosine": 0.12598088826395673,
            "sbert_cosine_mpnet_base_v2": 0.47888338565826416,
            "sbert_cosine_nomic_v2_moe": 0.613008439540863,
            "sbert_cosine_nomic_v1_5_bert_tok": 0.6615574955940247,
            "llm_judge_similarity": 0.8,
            "gemini_cosine": 0.8165251016616821
        }
    },