{
    "accuracy": 0.8976377952755905,
    "avg_total_tokens_generated": 16665.91338582677,
    "avg_num_chains_generated": 4.948818897637795,
    "correct_answer_in_chains": 0.9251968503937008,
    "voting_efficiency": 0.9702127659574468,
    "window_size": 4,
    "n_chains": 32
}