{
    "accuracy": 0.9015748031496063,
    "avg_total_tokens_generated": 2353.027559055118,
    "avg_num_chains_generated": 1.0,
    "correct_answer_in_chains": 0.9015748031496063,
    "voting_efficiency": 1.0,
    "window_size": 1,
    "n_chains": 8
}