{
    "accuracy": 0.9015748031496063,
    "avg_total_tokens_generated": 2299.4409448818897,
    "avg_num_chains_generated": 1.0,
    "correct_answer_in_chains": 0.9015748031496063,
    "voting_efficiency": 1.0,
    "window_size": 1,
    "n_chains": 1,
    "avg_time_taken": 39.88079085312491,
    "avg_max_kv_cache_usage": 1.1365047089355877
}