{
    "accuracy": 0.905511811023622,
    "avg_total_tokens_generated": 42151.27165354331,
    "avg_num_chains_generated": 10.830708661417322,
    "correct_answer_in_chains": 0.9291338582677166,
    "voting_efficiency": 0.9745762711864406,
    "window_size": 8,
    "n_chains": 64,
    "avg_time_taken": 82.9994587616214,
    "avg_max_kv_cache_usage": 7.1096778672672585
}