{
    "accuracy": 0.9015748031496063,
    "avg_total_tokens_generated": 6895.188976377953,
    "avg_num_chains_generated": 2.236220472440945,
    "correct_answer_in_chains": 0.9251968503937008,
    "voting_efficiency": 0.9744680851063829,
    "window_size": 2,
    "n_chains": 16
}