{
    "accuracy": 0.889763779527559,
    "avg_total_tokens_generated": 4593.507874015748,
    "avg_num_chains_generated": 1.9960629921259843,
    "correct_answer_in_chains": 0.905511811023622,
    "voting_efficiency": 0.9826086956521739,
    "window_size": 2,
    "n_chains": 2,
    "avg_time_taken": 45.309721752144796,
    "avg_max_kv_cache_usage": 2.071143259076471
}