{
    "accuracy": 0.9094488188976378,
    "avg_total_tokens_generated": 5638.271653543307,
    "avg_num_chains_generated": 2.1181102362204722,
    "correct_answer_in_chains": 0.9173228346456693,
    "voting_efficiency": 0.9914163090128756,
    "window_size": 2,
    "n_chains": 8,
    "avg_time_taken": 48.17515870089703,
    "avg_max_kv_cache_usage": 2.071143259076471
}