{
    "accuracy": 0.8858267716535433,
    "avg_total_tokens_generated": 2350.4448818897636,
    "avg_num_chains_generated": 1.0,
    "correct_answer_in_chains": 0.8858267716535433,
    "voting_efficiency": 1.0,
    "window_size": 1,
    "n_chains": 2
}