{
    "thresholds": [
        0.9,
        0.92,
        0.94,
        0.96,
        0.97,
        0.98,
        0.985,
        0.99,
        0.995,
        0.999
    ],
    "correct_correct_props": [
        81.35593220338984,
        84.50704225352112,
        80.48780487804879,
        75.0,
        73.91304347826086,
        68.42105263157895,
        70.58823529411765,
        68.75,
        68.75,
        68.75
    ],
    "correct_incorrect_props": [
        3.389830508474576,
        1.4084507042253522,
        2.4390243902439024,
        3.571428571428571,
        0.0,
        0.0,
        0.0,
        0.0,
        0.0,
        0.0
    ],
    "incorrect_incorrect_props": [
        15.254237288135593,
        14.084507042253522,
        17.073170731707318,
        21.428571428571427,
        26.08695652173913,
        31.57894736842105,
        29.411764705882355,
        31.25,
        31.25,
        31.25
    ]
}