iteration,question_id,n_chains_start,n_chains_completed_stream_for_voting,n_chains_error,similarity_threshold,correct_answer,voted_answer,final_score,prompt_tokens,total_completion_tokens,total_tokens,individual_answers_str,total_analysis_intervals,avg_kv_cache_usage,max_kv_cache_usage,processing_duration_sec
1,index_0,10,3,0,0.76,33,33,1,189,21933,22122,"[""33"", ""33"", ""33""]",21,0.0361492198609053,0.069939475453934,76.55778217315674
2,index_1,10,1,0,0.76,23,5,0,221,35740,35961,"[""5""]",29,0.0521008210074243,0.0934020772621982,458.66741394996643
3,index_2,10,2,0,0.76,116,116,1,167,15476,15643,"[""116"", ""116""]",18,0.027542569067836947,0.0537995965030262,49.048890829086304
4,index_3,10,1,0,0.76,809,809,1,140,8626,8766,"[""809""]",7,0.012327497061861509,0.0321303145781962,69.05615973472595
5,index_4,10,1,0,0.76,197,2929,0,136,17004,17140,"[""2929""]",12,0.027466423774530336,0.0514085033251139,212.3371820449829
