{
  "num_runs_aggregated": 3,
  "mean": {
    "num_questions_processed": 254.0,
    "overall_accuracy": 0.900262467191601,
    "early_stop_rate": 0.9593175853018372,
    "mean_chains_generated": 11.443569553805775,
    "mean_total_completion_tokens_per_question": 43913.3779527559,
    "mean_processing_duration_sec_per_question": 144.90299608607305,
    "mean_max_kv_cache_usage_per_question_perc": 0.06897104471530095,
    "mean_mean_kv_cache_usage_per_question_perc": 0.03487609189449737
  },
  "std_dev": {
    "num_questions_processed_std": 0.0,
    "overall_accuracy_std": 0.002273032555864664,
    "early_stop_rate_std": 0.008195535430969013,
    "mean_chains_generated_std": 0.2363953858099261,
    "mean_total_completion_tokens_per_question_std": 1849.1598058032928,
    "mean_processing_duration_sec_per_question_std": 7.879053727819669,
    "mean_max_kv_cache_usage_per_question_perc_std": 0.0004684713043269636,
    "mean_mean_kv_cache_usage_per_question_perc_std": 0.00018415017369916972
  },
  "config": {
    "n_chains_max": 64,
    "window_size": 8,
    "tokenizer_path_provided": true,
    "random_seed": null
  }
}