{
    "source_profile": "prune/analysis/thought_segmentation_comparison/profiles/r1-distill/aime/r1-distill_aime_profile.json",
    "num_samples": 30,
    "total_tokens_analyzed": 253918,
    "thresholds": {
        "1": 2.836374875430936,
        "5": 2.292192206943875,
        "10": 1.8500802968672627,
        "15": 1.511114879719077,
        "20": 1.2180790437397686
    }
}