{
    "source_profile": "prune/analysis/thought_segmentation_comparison/profiles/r1-distill/aime/r1-distill_aime_profile.json",
    "num_samples": 10,
    "total_tokens_analyzed": 99854,
    "thresholds": {
        "1": 2.8186998802541994,
        "5": 2.266970966429879,
        "10": 1.8277063142316872,
        "15": 1.5018182561390159,
        "20": 1.223639482781992
    }
}