{
    "source_profile": "prune/analysis/thought_segmentation_comparison/profiles/r1-distill/aime/r1-distill_aime_profile.json",
    "num_samples": 30,
    "total_tokens_analyzed": 304505,
    "thresholds": {
        "1": 3.099902616546576,
        "5": 2.323300569640975,
        "10": 1.7838366530264067,
        "15": 1.4043998842367706,
        "20": 1.0841735955462188
    }
}