{
  "iteration": 6,
  "question_id": "index_5",
  "status": "SUCCESS",
  "n_chains_requested": 64,
  "n_chains_completed_stream_with_content": 64,
  "n_chains_completed_stream_for_voting": 64,
  "error_chains_count": 0,
  "prompt_len": 370,
  "correct_answer_reference": "\\frac{1311}{2017}",
  "individual_answers": [
    "\\dfrac{1311}{2017}",
    "\\dfrac{2016}{2025!}",
    "\\dfrac{1311}{2017}",
    "\\dfrac{1311}{2017}",
    "\\dfrac{1311}{2017}",
    "\\dfrac{1311}{2017}",
    "\\dfrac{706}{2017}",
    "\\dfrac{1311}{2017}",
    "\\dfrac{1311}{2017}",
    "\\dfrac{1311}{2017}",
    "\\dfrac{1311}{2017}",
    "\\dfrac{1311}{2017}",
    "1 - \\dfrac{1}{2025!}",
    "\\dfrac{1311}{2017}",
    "\\dfrac{1311}{2017}",
    "\\dfrac{1311}{2017}",
    "\\dfrac{1311}{2017}",
    "\\dfrac{2016}{2017}",
    "\\dfrac{1311}{2017}",
    "\\dfrac{1311}{2017}",
    "\\dfrac{1311}{2017}",
    "\\dfrac{818}{2017}",
    "\\dfrac{706}{2017}",
    "\\dfrac{1311}{2017}",
    "\\dfrac{1311}{2017}",
    "\\dfrac{1311}{2017}",
    "\\dfrac{1311}{2017}",
    "\\dfrac{1311}{2017}",
    "\\dfrac{1311}{2017}",
    "\\dfrac{706}{2017}",
    "\\dfrac{1311}{2017}",
    "\\dfrac{1311}{2017}",
    "\\dfrac{1311}{2017}",
    "\\dfrac{1311}{2017}",
    "\\dfrac{1311}{2017}",
    "\\dfrac{1311}{2017}",
    "\\dfrac{1311}{2017}",
    "\\dfrac{1311}{2017}",
    "\\dfrac{1311}{2017}",
    "\\dfrac{1}{2017}",
    "\\dfrac{1311}{2017}",
    "\\dfrac{1311}{2017}",
    "\\dfrac{1311}{2017}",
    "\\dfrac{1311}{2017}",
    "\\dfrac{1311}{2017}",
    "\\dfrac{818}{2017}",
    "\\dfrac{1}{2017}",
    "\\dfrac{1311}{2017}",
    "\\dfrac{1311}{2017}",
    "\\dfrac{1}{2017}",
    "\\dfrac{1311}{2017}",
    "\\dfrac{1}{2017}",
    "\\dfrac{1311}{2017}",
    "\\dfrac{2025! - 1}{2025!}",
    "\\dfrac{1311}{2017}",
    "\\dfrac{1311}{2017}",
    "\\dfrac{1}{2017}",
    "\\dfrac{1311}{2017}",
    "\\dfrac{1311}{2017}",
    "\\dfrac{1311}{2017}",
    "\\dfrac{1311}{2017}",
    "\\dfrac{1311}{2017}",
    "\\dfrac{1311}{2017}",
    "\\dfrac{1310}{2017}"
  ],
  "voted_answer": "\\dfrac{1311}{2017}",
  "final_score": 1,
  "avg_kv_cache_usage": 0.5411593417257199,
  "max_kv_cache_usage": 1.0,
  "processing_duration_sec": 971.210654258728,
  "usage_aggregated": {
    "prompt_tokens": 113,
    "total_completion_tokens_across_all_requested_chains": 691276,
    "total_reasoning_tokens_counted": 644358,
    "total_non_reasoning_tokens_counted": 46785,
    "total_tokens_usage": 691389
  },
  "chains_for_voting_details": [
    {
      "chain_index": 1,
      "finish_reason": "stop",
      "extracted_answer": "\\dfrac{1311}{2017}",
      "prompt_tokens": 113,
      "completion_tokens": 9752,
      "reasoning_tokens_counted": 9060,
      "non_reasoning_tokens_counted": 690
    },
    {
      "chain_index": 2,
      "finish_reason": "stop",
      "extracted_answer": "\\dfrac{2016}{2025!}",
      "prompt_tokens": 113,
      "completion_tokens": 16261,
      "reasoning_tokens_counted": 15513,
      "non_reasoning_tokens_counted": 746
    },
    {
      "chain_index": 3,
      "finish_reason": "stop",
      "extracted_answer": "\\dfrac{1311}{2017}",
      "prompt_tokens": 113,
      "completion_tokens": 10069,
      "reasoning_tokens_counted": 9056,
      "non_reasoning_tokens_counted": 1011
    },
    {
      "chain_index": 4,
      "finish_reason": "stop",
      "extracted_answer": "\\dfrac{1311}{2017}",
      "prompt_tokens": 113,
      "completion_tokens": 7581,
      "reasoning_tokens_counted": 6990,
      "non_reasoning_tokens_counted": 589
    },
    {
      "chain_index": 5,
      "finish_reason": "stop",
      "extracted_answer": "\\dfrac{1311}{2017}",
      "prompt_tokens": 113,
      "completion_tokens": 8157,
      "reasoning_tokens_counted": 7465,
      "non_reasoning_tokens_counted": 690
    },
    {
      "chain_index": 6,
      "finish_reason": "stop",
      "extracted_answer": "\\dfrac{1311}{2017}",
      "prompt_tokens": 113,
      "completion_tokens": 8013,
      "reasoning_tokens_counted": 7211,
      "non_reasoning_tokens_counted": 800
    },
    {
      "chain_index": 7,
      "finish_reason": "stop",
      "extracted_answer": "\\dfrac{706}{2017}",
      "prompt_tokens": 113,
      "completion_tokens": 11151,
      "reasoning_tokens_counted": 10266,
      "non_reasoning_tokens_counted": 883
    },
    {
      "chain_index": 8,
      "finish_reason": "stop",
      "extracted_answer": "\\dfrac{1311}{2017}",
      "prompt_tokens": 113,
      "completion_tokens": 11052,
      "reasoning_tokens_counted": 10390,
      "non_reasoning_tokens_counted": 660
    },
    {
      "chain_index": 9,
      "finish_reason": "stop",
      "extracted_answer": "\\dfrac{1311}{2017}",
      "prompt_tokens": 113,
      "completion_tokens": 13191,
      "reasoning_tokens_counted": 12475,
      "non_reasoning_tokens_counted": 714
    },
    {
      "chain_index": 10,
      "finish_reason": "stop",
      "extracted_answer": "\\dfrac{1311}{2017}",
      "prompt_tokens": 113,
      "completion_tokens": 7946,
      "reasoning_tokens_counted": 7151,
      "non_reasoning_tokens_counted": 793
    },
    {
      "chain_index": 11,
      "finish_reason": "stop",
      "extracted_answer": "\\dfrac{1311}{2017}",
      "prompt_tokens": 113,
      "completion_tokens": 12979,
      "reasoning_tokens_counted": 12235,
      "non_reasoning_tokens_counted": 742
    },
    {
      "chain_index": 12,
      "finish_reason": "stop",
      "extracted_answer": "\\dfrac{1311}{2017}",
      "prompt_tokens": 113,
      "completion_tokens": 8811,
      "reasoning_tokens_counted": 7846,
      "non_reasoning_tokens_counted": 963
    },
    {
      "chain_index": 13,
      "finish_reason": "stop",
      "extracted_answer": "1 - \\dfrac{1}{2025!}",
      "prompt_tokens": 113,
      "completion_tokens": 18773,
      "reasoning_tokens_counted": 18101,
      "non_reasoning_tokens_counted": 670
    },
    {
      "chain_index": 14,
      "finish_reason": "stop",
      "extracted_answer": "\\dfrac{1311}{2017}",
      "prompt_tokens": 113,
      "completion_tokens": 9219,
      "reasoning_tokens_counted": 8580,
      "non_reasoning_tokens_counted": 637
    },
    {
      "chain_index": 15,
      "finish_reason": "stop",
      "extracted_answer": "\\dfrac{1311}{2017}",
      "prompt_tokens": 113,
      "completion_tokens": 8127,
      "reasoning_tokens_counted": 7323,
      "non_reasoning_tokens_counted": 802
    },
    {
      "chain_index": 16,
      "finish_reason": "stop",
      "extracted_answer": "\\dfrac{1311}{2017}",
      "prompt_tokens": 113,
      "completion_tokens": 9241,
      "reasoning_tokens_counted": 8541,
      "non_reasoning_tokens_counted": 698
    },
    {
      "chain_index": 17,
      "finish_reason": "stop",
      "extracted_answer": "\\dfrac{1311}{2017}",
      "prompt_tokens": 113,
      "completion_tokens": 10121,
      "reasoning_tokens_counted": 9364,
      "non_reasoning_tokens_counted": 755
    },
    {
      "chain_index": 18,
      "finish_reason": "stop",
      "extracted_answer": "\\dfrac{2016}{2017}",
      "prompt_tokens": 113,
      "completion_tokens": 13730,
      "reasoning_tokens_counted": 12987,
      "non_reasoning_tokens_counted": 741
    },
    {
      "chain_index": 19,
      "finish_reason": "stop",
      "extracted_answer": "\\dfrac{1311}{2017}",
      "prompt_tokens": 113,
      "completion_tokens": 13953,
      "reasoning_tokens_counted": 13139,
      "non_reasoning_tokens_counted": 812
    },
    {
      "chain_index": 20,
      "finish_reason": "stop",
      "extracted_answer": "\\dfrac{1311}{2017}",
      "prompt_tokens": 113,
      "completion_tokens": 11524,
      "reasoning_tokens_counted": 11018,
      "non_reasoning_tokens_counted": 504
    },
    {
      "chain_index": 21,
      "finish_reason": "stop",
      "extracted_answer": "\\dfrac{1311}{2017}",
      "prompt_tokens": 113,
      "completion_tokens": 11465,
      "reasoning_tokens_counted": 10737,