{
    "model_name": "r1-distill",
    "dataset": "aime",
    "num_samples": 30,
    "seed": 42,
    "total_tokens_analyzed": 291750,
    "thresholds": {
        "1": 3.0977807001138085,
        "5": 2.2963968586899,
        "10": 1.7427826881022657,
        "15": 1.3681569713695239,
        "20": 1.0569472628219818
    }
}