{
    "model_name": "r1-distill",
    "dataset": "aime",
    "num_samples": 10,
    "seed": 42,
    "total_tokens_analyzed": 73956,
    "thresholds": {
        "1": 2.79443471866319,
        "5": 2.187600733510614,
        "10": 1.7020103148460448,
        "15": 1.3378444182700495,
        "20": 1.0320962895302792
    }
}