{
    "model_name": "r1-distill",
    "dataset": "aime",
    "num_samples": 30,
    "seed": 42,
    "total_tokens_analyzed": 252430,
    "thresholds": {
        "1": 2.822352909602404,
        "5": 2.264113243718803,
        "10": 1.8188270700534075,
        "15": 1.486072875096474,
        "20": 1.1990981706620867
    }
}