{
  "iteration": 6,
  "question_id": "index_5",
  "status": "SUCCESS",
  "n_chains_requested": 64,
  "n_chains_completed_stream_with_content": 64,
  "n_chains_completed_stream_for_voting": 64,
  "error_chains_count": 0,
  "prompt_len": 370,
  "correct_answer_reference": "\\frac{1311}{2017}",
  "individual_answers": [
    "\\dfrac{2}{2017}",
    "\\dfrac{1311}{2017}",
    "\\dfrac{706}{2017}",
    "\\dfrac{2016}{2017}",
    "\\dfrac{2025! - 1}{2025!}",
    "0",
    "\\dfrac{1311}{2017}",
    "\\dfrac{1311}{2017}",
    "\\dfrac{1311}{2017}",
    "\\dfrac{1311}{2017}",
    "\\dfrac{1}{2017}",
    "\\dfrac{1311}{2017}",
    "\\dfrac{1311}{2017}",
    "1 - \\dfrac{1}{2025!}",
    "\\dfrac{1311}{2017}",
    "\\dfrac{1311}{2017}",
    "\\dfrac{1311}{2017}",
    "\\dfrac{1}{2017} - \\dfrac{1}{2025!}",
    "\\dfrac{1311}{2017}",
    "-1",
    "\\dfrac{706}{2017}",
    "\\dfrac{1311}{2017}",
    "\\dfrac{2016}{2017}",
    "\\dfrac{1311}{2017}",
    "\\dfrac{1311}{2017}",
    "\\dfrac{1311}{2017}",
    "\\dfrac{2016}{2017}",
    "\\dfrac{1311}{2017}",
    "\\dfrac{1311}{2017}",
    "\\dfrac{482}{2017}",
    "0",
    "\\dfrac{706}{2017}",
    "\\dfrac{1311}{2017}",
    "\\dfrac{1311}{2017}",
    "\\dfrac{1209}{2017}",
    "\\dfrac{1311}{2017}",
    "\\dfrac{2016}{2017}",
    "\\dfrac{1311}{2017}",
    "\\dfrac{1311}{2017}",
    "\\dfrac{1311}{2017}",
    "1 - \\dfrac{1}{2025!}",
    "\\dfrac{1311}{2017}",
    "\\dfrac{1311}{2017}",
    "\\dfrac{1311}{2017}",
    "\\dfrac{1311}{2017}",
    "\\dfrac{1311}{2017}",
    "\\dfrac{1311}{2017}",
    "\\dfrac{1311}{2017}",
    "\\dfrac{1311}{2017}",
    "\\dfrac{1311}{2017}",
    "\\dfrac{1311}{2017}",
    "\\dfrac{1311}{2017}",
    "\\dfrac{1311}{2017}",
    "\\dfrac{1311}{2017}",
    "\\dfrac{1}{2017}",
    "\\dfrac{888}{2017}",
    "\\dfrac{1311}{2017}",
    "\\dfrac{1311}{2017}",
    "\\dfrac{1311}{2017}",
    "\\dfrac{1311}{2017}",
    "\\dfrac{1}{2017}",
    "\\dfrac{1311}{2017}",
    "\\dfrac{1311}{2017}",
    "\\dfrac{1311}{2017}"
  ],
  "voted_answer": "\\dfrac{1311}{2017}",
  "final_score": 1,
  "avg_kv_cache_usage": 0.6122695839506701,
  "max_kv_cache_usage": 1.0,
  "processing_duration_sec": 1118.5268383026123,
  "usage_aggregated": {
    "prompt_tokens": 108,
    "total_completion_tokens_across_all_requested_chains": 698233,
    "total_reasoning_tokens_counted": 654551,
    "total_non_reasoning_tokens_counted": 43553,
    "total_tokens_usage": 698341
  },
  "chains_for_voting_details": [
    {
      "chain_index": 1,
      "finish_reason": "stop",
      "extracted_answer": "\\dfrac{2}{2017}",
      "prompt_tokens": 108,
      "completion_tokens": 15769,
      "reasoning_tokens_counted": 15045,
      "non_reasoning_tokens_counted": 722
    },
    {
      "chain_index": 2,
      "finish_reason": "stop",
      "extracted_answer": "\\dfrac{1311}{2017}",
      "prompt_tokens": 108,
      "completion_tokens": 19310,
      "reasoning_tokens_counted": 18655,
      "non_reasoning_tokens_counted": 653
    },
    {
      "chain_index": 3,
      "finish_reason": "stop",
      "extracted_answer": "\\dfrac{706}{2017}",
      "prompt_tokens": 108,
      "completion_tokens": 6351,
      "reasoning_tokens_counted": 5597,
      "non_reasoning_tokens_counted": 752
    },
    {
      "chain_index": 4,
      "finish_reason": "stop",
      "extracted_answer": "\\dfrac{2016}{2017}",
      "prompt_tokens": 108,
      "completion_tokens": 10035,
      "reasoning_tokens_counted": 9609,
      "non_reasoning_tokens_counted": 424
    },
    {
      "chain_index": 5,
      "finish_reason": "stop",
      "extracted_answer": "\\dfrac{2025! - 1}{2025!}",
      "prompt_tokens": 108,
      "completion_tokens": 5708,
      "reasoning_tokens_counted": 5096,
      "non_reasoning_tokens_counted": 610
    },
    {
      "chain_index": 6,
      "finish_reason": "stop",
      "extracted_answer": "0",
      "prompt_tokens": 108,
      "completion_tokens": 3966,
      "reasoning_tokens_counted": 3477,
      "non_reasoning_tokens_counted": 487
    },
    {
      "chain_index": 7,
      "finish_reason": "stop",
      "extracted_answer": "\\dfrac{1311}{2017}",
      "prompt_tokens": 108,
      "completion_tokens": 7702,
      "reasoning_tokens_counted": 6936,
      "non_reasoning_tokens_counted": 764
    },
    {
      "chain_index": 8,
      "finish_reason": "stop",
      "extracted_answer": "\\dfrac{1311}{2017}",
      "prompt_tokens": 108,
      "completion_tokens": 18055,
      "reasoning_tokens_counted": 17398,
      "non_reasoning_tokens_counted": 655
    },
    {
      "chain_index": 9,
      "finish_reason": "stop",
      "extracted_answer": "\\dfrac{1311}{2017}",
      "prompt_tokens": 108,
      "completion_tokens": 7013,
      "reasoning_tokens_counted": 6099,
      "non_reasoning_tokens_counted": 912
    },
    {
      "chain_index": 10,
      "finish_reason": "stop",
      "extracted_answer": "\\dfrac{1311}{2017}",
      "prompt_tokens": 108,
      "completion_tokens": 19502,
      "reasoning_tokens_counted": 18860,
      "non_reasoning_tokens_counted": 640
    },
    {
      "chain_index": 11,
      "finish_reason": "stop",
      "extracted_answer": "\\dfrac{1}{2017}",
      "prompt_tokens": 108,
      "completion_tokens": 16607,
      "reasoning_tokens_counted": 15985,
      "non_reasoning_tokens_counted": 620
    },
    {
      "chain_index": 12,
      "finish_reason": "stop",
      "extracted_answer": "\\dfrac{1311}{2017}",
      "prompt_tokens": 108,
      "completion_tokens": 8960,
      "reasoning_tokens_counted": 8371,
      "non_reasoning_tokens_counted": 587
    },
    {
      "chain_index": 13,
      "finish_reason": "stop",
      "extracted_answer": "\\dfrac{1311}{2017}",
      "prompt_tokens": 108,
      "completion_tokens": 14802,
      "reasoning_tokens_counted": 14219,
      "non_reasoning_tokens_counted": 581
    },
    {
      "chain_index": 14,
      "finish_reason": "stop",
      "extracted_answer": "1 - \\dfrac{1}{2025!}",
      "prompt_tokens": 108,
      "completion_tokens": 13200,
      "reasoning_tokens_counted": 12545,
      "non_reasoning_tokens_counted": 652
    },
    {
      "chain_index": 15,
      "finish_reason": "stop",
      "extracted_answer": "\\dfrac{1311}{2017}",
      "prompt_tokens": 108,
      "completion_tokens": 7531,
      "reasoning_tokens_counted": 6888,
      "non_reasoning_tokens_counted": 641
    },
    {
      "chain_index": 16,
      "finish_reason": "stop",
      "extracted_answer": "\\dfrac{1311}{2017}",
      "prompt_tokens": 108,
      "completion_tokens": 8203,
      "reasoning_tokens_counted": 7504,
      "non_reasoning_tokens_counted": 697
    },
    {
      "chain_index": 17,
      "finish_reason": "stop",
      "extracted_answer": "\\dfrac{1311}{2017}",
      "prompt_tokens": 108,
      "completion_tokens": 9456,
      "reasoning_tokens_counted": 8838,
      "non_reasoning_tokens_counted": 616
    },
    {
      "chain_index": 18,
      "finish_reason": "stop",
      "extracted_answer": "\\dfrac{1}{2017} - \\dfrac{1}{2025!}",
      "prompt_tokens": 108,
      "completion_tokens": 15829,
      "reasoning_tokens_counted": 15699,
      "non_reasoning_tokens_counted": 128
    },
    {
      "chain_index": 19,
      "finish_reason": "stop",
      "extracted_answer": "\\dfrac{1311}{2017}",
      "prompt_tokens": 108,
      "completion_tokens": 6726,
      "reasoning_tokens_counted": 5539,
      "non_reasoning_tokens_counted": 1185
    },
    {
      "chain_index": 20,
      "finish_reason": "stop",
      "extracted_answer": "-1",
      "prompt_tokens": 108,
      "completion_tokens": 15162,
      "reasoning_tokens_counted": 14299,
      "non_reasoning_tokens_counted": 861
    },
    {
      "chain_index": 21,
      "finish_reason": "stop",
      "extracted_answer": "\\dfrac{706}{2017}",
      "prompt_tokens": 108,
      "completion_tokens": 7793,
      "reasoning_tokens_counted": 7134,
      "non_reasoning_tokens_counted": 657
    },
    {
      "chain_index": 22,